{
	"position":
	{
		"x": 20.07338040245169,
		"y": 185.70363350807378,
		"z": -218.76399811306285
	},
	"rotation":
	{
		"x": 0,
		"y": -0,
		"z": 0.89178069870565002,
		"w": 0.45246788329787818
	},
	"worldToMeters": 192.79244995117188
}