{
	"position":
	{
		"x": -97.855768349818263,
		"y": -194.97784533574966,
		"z": -1185.7746730992326
	},
	"rotation":
	{
		"x": 0,
		"y": -0,
		"z": 0.56034521534002601,
		"w": 0.82825916212592532
	},
	"worldToMeters": 1157.248291015625
}