{
	"position":
	{
		"x": 181.24457737036991,
		"y": -13.628369444301832,
		"z": -72.767644766806939
	},
	"rotation":
	{
		"x": -0,
		"y": 0,
		"z": -0.072421919361665699,
		"w": 0.99737408508341163
	},
	"worldToMeters": 231.80038452148438
}