{
	"position":
	{
		"x": -115.80768633412977,
		"y": 244.76337141680798,
		"z": -537.42103210147388
	},
	"rotation":
	{
		"x": 0,
		"y": -0,
		"z": 0.42331046898533825,
		"w": 0.90598468356115858
	},
	"worldToMeters": 637.013671875
}