{
	"position":
	{
		"x": 59.809564954955206,
		"y": 9.2582291467995166,
		"z": -600.80588724698964
	},
	"rotation":
	{
		"x": 0,
		"y": -0,
		"z": 0.45583691100238644,
		"w": 0.89006331829134622
	},
	"worldToMeters": 653.6446533203125
}