{
	"position":
	{
		"x": 51.668360824140208,
		"y": -166.30435471785049,
		"z": -475.25984372283835
	},
	"rotation":
	{
		"x": 0,
		"y": -0,
		"z": 0.60056376086705054,
		"w": 0.79957686880826184
	},
	"worldToMeters": 736.55535888671875
}