{
	"position":
	{
		"x": 98.058057226249758,
		"y": -304.2785865019207,
		"z": -565.23240554061454
	},
	"rotation":
	{
		"x": 0,
		"y": -0,
		"z": 0.24844361327272002,
		"w": 0.96864636014594896
	},
	"worldToMeters": 824.224365234375
}