{
	"position":
	{
		"x": 252.14058559942552,
		"y": 30.957917179658818,
		"z": -654.40200114257016
	},
	"rotation":
	{
		"x": 0,
		"y": -0,
		"z": 0.9958857443752418,
		"w": 0.090617791576325907
	},
	"worldToMeters": 746.16082763671875
}