{
	"position":
	{
		"x": 78.721626247532313,
		"y": -239.10200802123751,
		"z": -646.62913420727239
	},
	"rotation":
	{
		"x": 0,
		"y": -0,
		"z": 0.23228550135037934,
		"w": 0.97264764733299136
	},
	"worldToMeters": 892.34149169921875
}