{
	"position":
	{
		"x": 696.29614523816247,
		"y": -139.62259651792701,
		"z": -213.75435723801468
	},
	"rotation":
	{
		"x": 0,
		"y": -0,
		"z": 0.61330614608861711,
		"w": 0.78984528305860513
	},
	"worldToMeters": 385.2947998046875
}