{
	"position":
	{
		"x": -114.16016925623644,
		"y": -281.83033478193579,
		"z": -1587.3940686341036
	},
	"rotation":
	{
		"x": 0,
		"y": -0,
		"z": 0.29088355545197314,
		"w": 0.95675846333733516
	},
	"worldToMeters": 1876.3048095703125
}