{
	"position":
	{
		"x": 251.42780480774425,
		"y": -208.27239658274686,
		"z": -643.32997738504764
	},
	"rotation":
	{
		"x": 0,
		"y": -0,
		"z": 0.59377972999089679,
		"w": 0.8046276357744232
	},
	"worldToMeters": 736.37451171875
}