{
	"position":
	{
		"x": 360.66964066195976,
		"y": -217.03816255126506,
		"z": -315.11552271321165
	},
	"rotation":
	{
		"x": 0,
		"y": -0,
		"z": 0.52363553978332233,
		"w": 0.85194238154691448
	},
	"worldToMeters": 435.58538818359375
}