{
	"position":
	{
		"x": 253.49998399886158,
		"y": -109.34955246645305,
		"z": -361.02882124403914
	},
	"rotation":
	{
		"x": 0,
		"y": -0,
		"z": 0.38908072670534638,
		"w": 0.92120366266447251
	},
	"worldToMeters": 464.96612548828125
}