{
	"position":
	{
		"x": 147.00137731324298,
		"y": 21.167401808148472,
		"z": -155.54368256128055
	},
	"rotation":
	{
		"x": 0,
		"y": -0,
		"z": 0.64975097560026074,
		"w": 0.76014713687976854
	},
	"worldToMeters": 205.16165161132812
}