{
	"position":
	{
		"x": 350.88549950075247,
		"y": -397.78123321024719,
		"z": -1213.629124784617
	},
	"rotation":
	{
		"x": 0,
		"y": -0,
		"z": 0.35650728021006467,
		"w": 0.93429254474025547
	},
	"worldToMeters": 1406.4178466796875
}