{
	"position":
	{
		"x": 364.26424942678403,
		"y": -237.61130578808545,
		"z": -336.88459854995557
	},
	"rotation":
	{
		"x": 0,
		"y": -0,
		"z": 0.42147080545227311,
		"w": 0.90684197088104157
	},
	"worldToMeters": 456.23870849609375
}