{
	"position":
	{
		"x": -156.29608914350908,
		"y": -96.248269540342619,
		"z": -890.76540143979446
	},
	"rotation":
	{
		"x": 0,
		"y": -0,
		"z": 0.37420555103077086,
		"w": 0.92734578533455192
	},
	"worldToMeters": 995.20538330078125
}