{
	"position":
	{
		"x": 180.63399404989701,
		"y": 141.00535462064991,
		"z": -199.85992185338336
	},
	"rotation":
	{
		"x": 0,
		"y": -0,
		"z": 0.34317926323905446,
		"w": 0.93926992567775724
	},
	"worldToMeters": 273.13919067382812
}