{
	"position":
	{
		"x": -190.41519014385023,
		"y": -305.53407723219698,
		"z": -735.79995991284352
	},
	"rotation":
	{
		"x": -0,
		"y": 0,
		"z": -0.46281137604511641,
		"w": 0.88645678417124518
	},
	"worldToMeters": 813.051513671875
}