{
	"position":
	{
		"x": 22.516903645423781,
		"y": -18.972644544386412,
		"z": -505.2731332998859
	},
	"rotation":
	{
		"x": 0,
		"y": -0,
		"z": 0.60056376086705054,
		"w": 0.79957686880826184
	},
	"worldToMeters": 736.55535888671875
}