{
	"position":
	{
		"x": -76.455453793968701,
		"y": -16.742720453968097,
		"z": -302.79460679391025
	},
	"rotation":
	{
		"x": 0,
		"y": -0,
		"z": 0.80980367042286394,
		"w": 0.58670095906659092
	},
	"worldToMeters": 443.95687866210938
}