{
	"position":
	{
		"x": 145.53196649050344,
		"y": 43.558532178048004,
		"z": -97.276953531781402
	},
	"rotation":
	{
		"x": 0,
		"y": -0,
		"z": 0.67537480682051587,
		"w": 0.73747465740332463
	},
	"worldToMeters": 175.59611511230469
}