{
	"position":
	{
		"x": -414.07504706521939,
		"y": 404.10929121686644,
		"z": -639.68586931791833
	},
	"rotation":
	{
		"x": 0,
		"y": -0,
		"z": 0.63102749682243531,
		"w": 0.7757604644824404
	},
	"worldToMeters": 717.28582763671875
}