{
	"position":
	{
		"x": 220.74529253932823,
		"y": 94.174664912950192,
		"z": -142.29716254490339
	},
	"rotation":
	{
		"x": 0,
		"y": -0,
		"z": 0.61697065962129505,
		"w": 0.78698615309703146
	},
	"worldToMeters": 248.49200439453125
}