{
	"position":
	{
		"x": 397.69541353313667,
		"y": -316.5138253430539,
		"z": -508.26318627818
	},
	"rotation":
	{
		"x": -0,
		"y": 0,
		"z": -0.99948124561659168,
		"w": 0.032206205313677162
	},
	"worldToMeters": 685.1014404296875
}