{
	"position":
	{
		"x": -161.53398963843918,
		"y": 127.79647175701118,
		"z": -696.96119175907143
	},
	"rotation":
	{
		"x": 0,
		"y": -0,
		"z": 0.42331046898533836,
		"w": 0.90598468356115858
	},
	"worldToMeters": 637.013671875
}