{
	"position":
	{
		"x": 209.38629300226754,
		"y": 37.414116390007962,
		"z": -110.45828260556621
	},
	"rotation":
	{
		"x": 0,
		"y": -0,
		"z": 0.68301662517465145,
		"w": 0.73040282703110471
	},
	"worldToMeters": 170.05397033691406
}