{
	"position":
	{
		"x": -119.49193682124272,
		"y": -19.376116435849614,
		"z": -284.14923021743346
	},
	"rotation":
	{
		"x": -0,
		"y": 0,
		"z": -0.072421919361665699,
		"w": 0.99737408508341163
	},
	"worldToMeters": 231.80038452148438
}