{
	"position":
	{
		"x": 131.65126301308052,
		"y": -27.562350787643659,
		"z": -111.24004720967167
	},
	"rotation":
	{
		"x": 0,
		"y": -0,
		"z": 0.67556454852061787,
		"w": 0.7373008482174247
	},
	"worldToMeters": 201.94306945800781
}